INSERT INTO users VALUES('61104b13-126a-4e8d-bc90-d7dcde4fb576','luckbat','creator','active',NULL,NULL,'https://the-ottoman.com',NULL,NULL,NULL,NULL,NULL,NULL,1,1,1,0,0,1,0,'2025-10-01T22:41:50.522Z','2025-10-02T00:47:38.254Z',0,0,'2025-10-02T00:49:07.843Z','2025-08-28T20:57:51.598Z','mike@the-ottoman.com',NULL,NULL,'192ff850a811a4de1c4ecc6c6711a3935bc618db4083a6e4c0a9892899e26932','5fb2b51afaf93348db91d5e788725ab8e6ec4582199a786e9f57f8411803aea6f4d407468879ad872f9e2eb58a06593aeedcc81fec0e12861dc582f3c47fd0452a970cd39e99910eafb0e19cbcc54f61fa7c2e178484ec9f673f7686cffe81d37e472558a584236bcc3e545ceeeae0a894928eac45b620f9851e287c6038d0e71ca0828e2809683eb3d2af98da48733012b7ffbc0740f6107631412480d76335367660a3bcffc4282cce49eb2c0b848cb0ee2ec1cd654d4e11fe2fb3992ece30c09c7c8126f727a05a6986def06e34206020ffedc25ee434bdf493b8d730f4ce414a720e23108e6a5f80f75211c3a0942da904c47e4ea993b0b27f1dc4c0af51111538dfe2751350ba2b7fdfaedaa360677306d7db741f514b0a797545df1c401187a5f298676a65a9b9736c197cb38fb89e61d06ae639a5ba34a9eb3e31dff1fcf5e3856e1e8428c6598f699d6973f749eca022ebf5d5f7933d4a38733260219f702f195ce1b5dcdeb21c948772d739f63d2160a1ff315cf6fca41d99b0f615496ee06b3fb979e7e202e27fde99f947b7435b604a94e97a573aab73d9aabd93e33ea99812203ad2c6c9f90dfd694ca74f8d0a2efe77a0ae2526582f3d6b321d22b952b0cdbcec2c3f69ff781b27f6f188424ec27b328c09e6694f8283e104ad7a6cbadaf193407ee782e996de2b0324c38ee3f95483b32c3e2149ece6219e1d',0,NULL);
INSERT INTO users VALUES('1938543a-1ac5-47ec-a422-0cafa96de497','luckbat','admin','active',NULL,NULL,NULL,NULL,NULL,NULL,NULL,NULL,NULL,1,1,1,0,0,1,0,'2025-10-01T22:41:50.593Z','2025-10-03T19:54:38.060Z',0,0,'2025-10-03T19:55:30.337Z','2025-08-28T20:56:46.619Z','mike@luckbat.com',NULL,NULL,'0b2a06e8626f466e956e09b8c5d56ab0dd187de4061779653bf82f7afbf31ef4','385e96206682ae40e26ab52b1cd4197bcdf826eff97cdf34722d7bfb18ea5c6dc8b69645132b294320192698ac561fa1cbd331f9aa3c1f3311505500a7d2e16d445d74eed3d16eebaaad657ee4f201e9777fec6efeed42bb569d84aed00f068ce22c9465b96c19565b439e9ff55ecd9f31e8f5829ad894d8e0c8dcd90e8e425fea6dd2a6b98fa36e57cd015f527978c0b3cd0ff6ad3f8a7044af1f55df8149b69e8d4c701b73a8dd8fe548e1f084e22e2d2c372d0cc2b45a3f6a9795e81160083ffb5b47006a0073997f3c2aed58b36f49c42a27d469e7fe537dd6366dfab5bb58b650649ccdb3e660c45dd11d271da35ecd5fbd52f06721fc8919b858baea50ebe905a4d042180decb18d1017b8953e4ec0c2c45aca3eb1a0d63783751779f90b5c1af7decd29f2c113244c9bb149892b6b5a5ef77c8378f37dfa82be40a04f232803d57f4bb9286717e5ee312ea56262aaa2aaf7c0c2fb278d67abdd42c25ae6c0dd9897f760d7b5342978867ca18312b0427580c82cc30c78adf0ce142b660d5ec24e40ba9582c99132b1ef9b1cb30171e7c34b1828284aa6c9d30b5361a9cb1195e7753174e198896a68e03bc7c531a60404ecfa1fa3fab1eddc50daf49542be4d443754ee83ba287686eb68adc4990644a7440577efd6657986cfef0478f9af31eec448de5b8d738a8f3589a45594343c2a7f90cecc12e69b5fe07d9481',0,NULL);
INSERT INTO comics VALUES('c8410e79-a8e3-4fba-aefe-63fce4c2c35e','The Automan''s Daughter','automans-daughter','An adventure story set in an alternate-historical dieselpunk world, The Automan''s Daughter follows military-school dropout Aisha Osman and her industrialist uncle Siddig as they outwit bikers, spies and kidnappers while gearing up for a tournament showdown with the formidable Widowmaker mecha.','61104b13-126a-4e8d-bc90-d7dcde4fb576',NULL,'hiatus','irregular',0,NULL,NULL,NULL,27,5,'2025-09-28T10:16:00.000Z','2025-10-01T22:41:51.165Z','2025-08-28T21:10:42.775Z');
INSERT INTO comics_credits VALUES(1,'c8410e79-a8e3-4fba-aefe-63fce4c2c35e','68dd74bb3ffbeb76905c7585','writer',NULL,'Mike Stamm',NULL);
INSERT INTO comics_credits VALUES(2,'c8410e79-a8e3-4fba-aefe-63fce4c2c35e','68dd74c73ffbeb76905c7587','artist',NULL,'Mike Stamm',NULL);
INSERT INTO comics_credits VALUES(3,'c8410e79-a8e3-4fba-aefe-63fce4c2c35e','68dd74ce3ffbeb76905c7589','colorist',NULL,'Jackarais',NULL);
INSERT INTO comics_genres VALUES(1,'c8410e79-a8e3-4fba-aefe-63fce4c2c35e','action-adventure',1);
INSERT INTO comics_genres VALUES(2,'c8410e79-a8e3-4fba-aefe-63fce4c2c35e','steampunk',2);
INSERT INTO chapters VALUES('016df6b2-9e5c-4922-a5e6-e497dba3a202','c8410e79-a8e3-4fba-aefe-63fce4c2c35e','Chapter 5',5,'','chapter-5',NULL,NULL,0,NULL,NULL,'2025-09-28T03:12:13.502Z','2025-09-28T03:12:12.962Z');
INSERT INTO chapters VALUES('eca2d8c1-6c55-4832-9f62-b755a23308fe','c8410e79-a8e3-4fba-aefe-63fce4c2c35e','Chapter 4',4,'','chapter-4-which-i-will-later-rename',NULL,NULL,0,NULL,NULL,'2025-09-28T03:12:13.499Z','2025-09-22T21:36:02.136Z');
INSERT INTO chapters VALUES('bcf142b2-9d0d-458c-baf3-163d4304bd0b','c8410e79-a8e3-4fba-aefe-63fce4c2c35e','Chapter 3',3,NULL,'chapter-3',NULL,NULL,0,NULL,NULL,'2025-09-28T03:12:13.500Z','2025-08-29T01:42:11.080Z');
INSERT INTO chapters VALUES('23dc7faa-9cb9-4ffe-9682-61267b705cc1','c8410e79-a8e3-4fba-aefe-63fce4c2c35e','Chapter 2',2,NULL,'chapter-2',NULL,NULL,0,NULL,NULL,'2025-09-28T03:12:13.498Z','2025-08-29T01:41:52.936Z');
INSERT INTO chapters VALUES('244e7522-cb01-480a-bef6-54dce3ea0722','c8410e79-a8e3-4fba-aefe-63fce4c2c35e','Chapter 1',1,NULL,'chapter-1',NULL,NULL,0,NULL,NULL,'2025-09-28T03:12:13.482Z','2025-08-29T01:41:22.830Z');
INSERT INTO pages VALUES('cc115699-b341-4491-8355-56b8a31a7255','c8410e79-a8e3-4fba-aefe-63fce4c2c35e','bcf142b2-9d0d-458c-baf3-163d4304bd0b',6,7,'Chapter 3, Page 6','Chapter 3 - Page 6: Chapter 3, Page 6',NULL,NULL,'Osman introduces Aisha to Djalapi, his old tournament mech which has been repurposed into a junkyard patrol mech. He tosses her the remote control and wishes her a good night.','','draft',NULL,NULL,NULL,0,0,'chapter-3-page-6',NULL,NULL,0,NULL,NULL,'2025-09-29T13:48:36.008Z','2025-09-28T02:51:03.848Z');
INSERT INTO pages VALUES('c2b21589-e9da-44af-aac8-bf9254bd8685','c8410e79-a8e3-4fba-aefe-63fce4c2c35e','bcf142b2-9d0d-458c-baf3-163d4304bd0b',5,6,'Issue 3 Page 5','Chapter 3 - Page 5: Issue 3 Page 5',NULL,NULL,'Aisha''s room is unfit for habitation, so her father suggests that she live in the broken-down van in the junkyard. Aisha is displeased at this turn of events.','','draft','2025-09-28T14:13:00.000Z',NULL,NULL,0,0,'issue-3-page-5',NULL,NULL,0,NULL,NULL,'2025-09-28T02:58:04.483Z','2025-09-27T20:21:50.219Z');
INSERT INTO pages VALUES('a7331431-645a-45b8-9418-cb6ab4451e2d','c8410e79-a8e3-4fba-aefe-63fce4c2c35e','bcf142b2-9d0d-458c-baf3-163d4304bd0b',4,5,'Issue 3 Page 4','Chapter 3 - Page 4: Issue 3 Page 4',NULL,NULL,'Aisha stomps off to her room, leaving her parents in stunned silence. Unfortunately, Aisha is horrified to discover that her room is now filled with equipment and machinery.','','published','2025-09-28T10:16:00.000Z',NULL,NULL,0,0,'issue-3-page-4',NULL,NULL,0,NULL,NULL,'2025-09-28T03:12:30.794Z','2025-09-27T20:21:50.128Z');
INSERT INTO pages VALUES('7985ef6e-9001-4bf8-be06-6fbc34185f11','c8410e79-a8e3-4fba-aefe-63fce4c2c35e','bcf142b2-9d0d-458c-baf3-163d4304bd0b',3,4,'Chapter 3, Page 3','Chapter 3 - Page 3: Chapter 3, Page 3',NULL,NULL,'Aisha''s parents protest that Aisha needs to return to the Academy, but Aisha gets surly.','','published','2025-09-28T01:37:00.000Z',NULL,NULL,0,0,'issue-3-page-3',NULL,NULL,0,NULL,NULL,'2025-09-28T02:36:01.808Z','2025-09-27T20:21:50.022Z');
INSERT INTO pages VALUES('0107cfa0-f786-449c-ad18-1411cec48158','c8410e79-a8e3-4fba-aefe-63fce4c2c35e','bcf142b2-9d0d-458c-baf3-163d4304bd0b',2,3,'Chapter 3, page 2','Chapter 3 - Page 2: Chapter 3, page 2',NULL,NULL,'Aisha embraces her mom and tearfully admits that she dropped out of the Academy. Tajj immediately demands to know if she''s pregnant.','','published','2025-09-28T01:30:00.000Z',NULL,NULL,0,0,'chapter-3-page-2',NULL,NULL,0,NULL,NULL,'2025-09-28T02:28:49.133Z','2025-09-21T15:35:43.394Z');
INSERT INTO pages VALUES('102f7682-4ac7-40b4-9ea2-635cfc120a50','c8410e79-a8e3-4fba-aefe-63fce4c2c35e','bcf142b2-9d0d-458c-baf3-163d4304bd0b',1,2,'Chapter 3, page 1','Chapter 3 - Page 1: Chapter 3, page 1',NULL,NULL,'The limo approaches a junkyard on the outskirts of the city. Ali asks Aisha about it. She admits that her parents own the junkyard. They''re waiting outside.','','published','2025-09-27T21:29:23.745Z',NULL,NULL,0,0,'chapter-3-page-1',NULL,NULL,0,NULL,NULL,'2025-09-27T21:29:23.788Z','2025-09-21T02:03:03.543Z');
INSERT INTO pages VALUES('d062272e-ba48-43f3-8060-f54786aa2a4c','c8410e79-a8e3-4fba-aefe-63fce4c2c35e','bcf142b2-9d0d-458c-baf3-163d4304bd0b',0,1,'Chapter 3, cover','Chapter 3 - Page ?: Chapter 3, cover',NULL,NULL,'The cover for Chapter 3, featuring a photo of the Osmans standing in front of an ornate door and wearing fancy outfits. Aisha looks much younger, Tajj is holding her infant son.','','published','2025-09-28T00:58:00.000Z',NULL,NULL,0,0,'chapter-3-cover',NULL,NULL,0,NULL,NULL,'2025-09-28T02:11:52.754Z','2025-09-21T00:40:50.085Z');
INSERT INTO pages VALUES('51934750-f402-476b-b0ac-b9e4688cd2b0','c8410e79-a8e3-4fba-aefe-63fce4c2c35e','23dc7faa-9cb9-4ffe-9682-61267b705cc1',11,12,'Chapter 2, page 11','Chapter 2 - Page 11: Chapter 2, page 11',NULL,NULL,'Farad sneers angrily at Siddig, perched in the tank''s cockpit, and swears that there will be consequences. Aisha, crouched behind a nearby table, frets.','','published','2025-09-28T00:57:00.000Z',NULL,NULL,0,0,'chapter-2-page-11',NULL,NULL,0,NULL,NULL,'2025-09-27T22:16:04.287Z','2025-09-21T00:19:45.848Z');
INSERT INTO pages VALUES('14a80e33-4597-42ee-850b-68f85db426fe','c8410e79-a8e3-4fba-aefe-63fce4c2c35e','23dc7faa-9cb9-4ffe-9682-61267b705cc1',10,11,'Chapter 2, page 10','Chapter 2 - Page 10: Chapter 2, page 10',NULL,NULL,'Siddig has clambered into the Death Strider''s cockpit. He chastises Farad and loudly declares his own company a washed-up joke.','','published','2025-09-28T00:58:00.000Z',NULL,NULL,0,0,'chapter-2-page-10',NULL,NULL,0,NULL,NULL,'2025-09-28T02:16:53.957Z','2025-09-21T00:13:56.188Z');
INSERT INTO pages VALUES('f32d0b0d-5bba-48f8-8f24-67f9b23b5dcf','c8410e79-a8e3-4fba-aefe-63fce4c2c35e','23dc7faa-9cb9-4ffe-9682-61267b705cc1',9,10,'Chapter 2, page 9','Chapter 2 - Page 9: Chapter 2, page 9',NULL,NULL,'','','published','2025-09-27T20:42:07.046Z',NULL,NULL,0,0,'chapter-2-page-9',NULL,NULL,0,NULL,NULL,'2025-09-27T20:42:07.078Z','2025-09-20T23:55:52.944Z');
INSERT INTO pages VALUES('8ed843f4-044f-4641-be7e-0f525609f17a','c8410e79-a8e3-4fba-aefe-63fce4c2c35e','23dc7faa-9cb9-4ffe-9682-61267b705cc1',8,9,'Chapter 2, page 8','Chapter 2 - Page 8: Chapter 2, page 8',NULL,NULL,'Grabbing the chafing-dish lid off a hot turkey platter on a nearby catering trolly, Siddig kicks the trolley down the length of the dining hall. The mech''s heat sensor follows the turkey.','','published','2025-09-27T20:33:36.717Z',NULL,NULL,0,0,'chapter-2-page-8',NULL,NULL,0,NULL,NULL,'2025-09-27T20:33:36.762Z','2025-09-20T22:27:45.406Z');
INSERT INTO pages VALUES('3498bf24-6301-4005-9c7a-a5a177efce57','c8410e79-a8e3-4fba-aefe-63fce4c2c35e','23dc7faa-9cb9-4ffe-9682-61267b705cc1',7,8,'Chapter 2, page 7','Chapter 2 - Page 7: Chapter 2, page 7',NULL,NULL,'Farad taunts Siddig by emphasizing the mech''s technical prowess, but Siddig brushes him off and then pours a full pitcher of ice water onto his head.','','published','2025-09-21T15:40:16.181Z',NULL,NULL,0,0,'chapter-2-page-7',NULL,NULL,0,NULL,NULL,'2025-09-21T15:52:58.909Z','2025-09-16T00:41:20.921Z');
INSERT INTO pages VALUES('b8dbadfb-2f9a-4c33-8e91-567c31ca382f','c8410e79-a8e3-4fba-aefe-63fce4c2c35e','23dc7faa-9cb9-4ffe-9682-61267b705cc1',6,7,'Chapter 2, page 6','Chapter 2 - Page 6: Chapter 2, page 6',NULL,NULL,'Farad loudly declares that Siddig will fight the Death Strider mecha as part of a live demonstration. Aisha asks Siddig why he hates his own company, but he gets up without answering her.','','published','2025-09-21T15:36:17.407Z',NULL,NULL,0,0,'chapter-2-page-6',NULL,NULL,0,NULL,NULL,'2025-09-21T15:52:58.891Z','2025-09-16T00:37:13.596Z');
INSERT INTO pages VALUES('3ad33f99-0769-405e-acf4-6ab9149293c1','c8410e79-a8e3-4fba-aefe-63fce4c2c35e','23dc7faa-9cb9-4ffe-9682-61267b705cc1',5,6,'Chapter 2, page 5','Chapter 2 - Page 5: Chapter 2, page 5',NULL,NULL,'Farad marches over to Siddig''s table to yell at him about his work ethic, but Siddig only needles him further.','','published','2025-09-20T21:09:39.943Z',NULL,NULL,0,0,'chapter-2-page-5',NULL,NULL,0,NULL,NULL,'2025-09-21T15:52:58.873Z','2025-09-16T00:29:00.972Z');
INSERT INTO pages VALUES('0c20b684-0bed-4bf6-8560-b749116a1391','c8410e79-a8e3-4fba-aefe-63fce4c2c35e','23dc7faa-9cb9-4ffe-9682-61267b705cc1',2,3,'Chapter 2, page 2','Chapter 2 - Page 2: Chapter 2, page 2',NULL,NULL,NULL,NULL,'published','2025-08-29T03:03:35.389Z',NULL,NULL,0,0,'chapter-2-page-2',NULL,NULL,0,NULL,NULL,'2025-09-21T15:52:58.792Z','2025-08-29T03:03:35.415Z');
INSERT INTO pages VALUES('4d446672-1e1a-423e-bb56-74ac57397dda','c8410e79-a8e3-4fba-aefe-63fce4c2c35e','23dc7faa-9cb9-4ffe-9682-61267b705cc1',4,5,'Chapter 2, page 4','Chapter 2 - Page 4: Chapter 2, page 4',NULL,NULL,NULL,NULL,'published','2025-08-29T02:59:07.782Z',NULL,NULL,0,0,'chapter-2-page-4',NULL,NULL,0,NULL,NULL,'2025-09-21T15:52:58.850Z','2025-08-29T02:59:07.875Z');
INSERT INTO pages VALUES('09fe3e43-6738-47b3-8c1d-fd989cfa4536','c8410e79-a8e3-4fba-aefe-63fce4c2c35e','23dc7faa-9cb9-4ffe-9682-61267b705cc1',3,4,'Chapter 2, page 3','Chapter 2 - Page 3: Chapter 2, page 3',NULL,NULL,NULL,NULL,'published','2025-08-29T02:56:01.381Z',NULL,NULL,0,0,'chapter-2-page-3',NULL,NULL,0,NULL,NULL,'2025-09-21T15:52:58.829Z','2025-08-29T02:56:01.437Z');
INSERT INTO pages VALUES('c84d72b7-33b8-40be-88ea-9ea4397eb236','c8410e79-a8e3-4fba-aefe-63fce4c2c35e','23dc7faa-9cb9-4ffe-9682-61267b705cc1',1,2,'Chapter 2, page 1','Chapter 2 - Page 1: Chapter 2, page 1',NULL,NULL,NULL,NULL,'published','2025-08-29T02:43:13.003Z',NULL,NULL,0,0,'chapter-2-cover',NULL,NULL,0,NULL,NULL,'2025-09-21T15:52:58.731Z','2025-08-29T02:43:19.385Z');
INSERT INTO pages VALUES('c4f4bff9-3a37-48c5-9cfb-1794fb971395','c8410e79-a8e3-4fba-aefe-63fce4c2c35e','23dc7faa-9cb9-4ffe-9682-61267b705cc1',0,1,'Chapter 2, Cover','Chapter 2 - Page ?: Chapter 2, Cover',NULL,NULL,NULL,NULL,'published','2025-08-29T02:43:13.003Z',NULL,NULL,0,0,'chapter-2-cover',NULL,NULL,0,NULL,NULL,'2025-09-21T15:52:58.705Z','2025-08-29T02:43:13.013Z');
INSERT INTO pages VALUES('54d4c8dd-e6d4-4618-9d05-d1e2739e659b','c8410e79-a8e3-4fba-aefe-63fce4c2c35e','244e7522-cb01-480a-bef6-54dce3ea0722',9,10,'Chapter 1, page 9','Chapter 1 - Page 9: Chapter 1, page 9',NULL,NULL,NULL,NULL,'published','2025-08-29T02:36:57.578Z',NULL,NULL,0,0,'chapter-1-page-8',NULL,NULL,0,NULL,NULL,'2025-09-21T15:52:58.667Z','2025-08-29T02:37:05.992Z');
INSERT INTO pages VALUES('86b73c5b-755c-4521-8984-2c0ba5d588a8','c8410e79-a8e3-4fba-aefe-63fce4c2c35e','244e7522-cb01-480a-bef6-54dce3ea0722',8,9,'Chapter 1, page 8','Chapter 1 - Page 8: Chapter 1, page 8',NULL,NULL,NULL,NULL,'published','2025-08-29T02:36:57.578Z',NULL,NULL,0,0,'chapter-1-page-8',NULL,NULL,0,NULL,NULL,'2025-09-21T15:52:58.642Z','2025-08-29T02:36:57.588Z');
INSERT INTO pages VALUES('6575cc71-8401-44ad-b53b-03e3f71ca4bb','c8410e79-a8e3-4fba-aefe-63fce4c2c35e','244e7522-cb01-480a-bef6-54dce3ea0722',7,8,'Chapter 1, page 7','Chapter 1 - Page 7: Chapter 1, page 7',NULL,NULL,NULL,NULL,'published','2025-08-29T02:34:57.369Z',NULL,NULL,0,0,'chapter-1-page-7',NULL,NULL,0,NULL,NULL,'2025-09-21T15:52:58.607Z','2025-08-29T02:34:57.379Z');
INSERT INTO pages VALUES('8aefc9dc-5bf4-438e-b7fc-adead15b1fe0','c8410e79-a8e3-4fba-aefe-63fce4c2c35e','244e7522-cb01-480a-bef6-54dce3ea0722',6,7,'Chapter 1, page 6','Chapter 1 - Page 6: Chapter 1, page 6',NULL,NULL,NULL,NULL,'published','2025-08-29T02:34:07.477Z',NULL,NULL,0,0,'chapter-1-page-6',NULL,NULL,0,NULL,NULL,'2025-09-21T15:52:58.557Z','2025-08-29T02:34:07.487Z');
INSERT INTO pages VALUES('4db3088b-c458-46b1-9f13-611e77ca0b02','c8410e79-a8e3-4fba-aefe-63fce4c2c35e','244e7522-cb01-480a-bef6-54dce3ea0722',5,6,'Chapter 1, page 5','Chapter 1 - Page 5: Chapter 1, page 5',NULL,NULL,NULL,NULL,'published','2025-08-29T02:22:26.074Z',NULL,NULL,0,0,'chapter-1-page-5',NULL,NULL,0,NULL,NULL,'2025-09-21T15:52:58.504Z','2025-08-29T02:22:26.087Z');
INSERT INTO pages VALUES('2e478e9c-58b7-47c3-9fa6-621875d35498','c8410e79-a8e3-4fba-aefe-63fce4c2c35e','244e7522-cb01-480a-bef6-54dce3ea0722',4,5,'Chapter 1, page 4','Chapter 1 - Page 4: Chapter 1, page 4',NULL,NULL,NULL,NULL,'published','2025-08-28T21:33:14.019Z',NULL,NULL,0,0,'chapter-1-page-3',NULL,NULL,0,NULL,NULL,'2025-09-21T15:52:58.483Z','2025-08-28T21:31:48.562Z');
INSERT INTO pages VALUES('46888bc8-f535-4af4-90ab-adbd57e464da','c8410e79-a8e3-4fba-aefe-63fce4c2c35e','244e7522-cb01-480a-bef6-54dce3ea0722',3,4,'Chapter 1, page 3','Chapter 1 - Page 3: Chapter 1, page 3',NULL,NULL,NULL,NULL,'published','2025-08-28T21:33:28.306Z',NULL,NULL,0,0,'chapter-1-page-3',NULL,NULL,0,NULL,NULL,'2025-09-21T15:52:58.460Z','2025-08-28T21:31:27.011Z');
INSERT INTO pages VALUES('20042696-93ad-4028-b7cd-1229d55f472a','c8410e79-a8e3-4fba-aefe-63fce4c2c35e','244e7522-cb01-480a-bef6-54dce3ea0722',2,3,'Chapter 1, page 2','Chapter 1 - Page 2: Chapter 1, page 2',NULL,NULL,NULL,NULL,'published','2025-08-28T21:25:45.709Z',NULL,NULL,0,0,'chapter-1-page-2',NULL,NULL,0,NULL,NULL,'2025-09-21T15:52:58.439Z','2025-08-28T21:25:45.712Z');
INSERT INTO pages VALUES('ec511358-4f09-4a11-a6e8-61d63ce0b4ea','c8410e79-a8e3-4fba-aefe-63fce4c2c35e','244e7522-cb01-480a-bef6-54dce3ea0722',1,2,'Chapter 1, page 1','Chapter 1 - Page 1: Chapter 1, page 1',NULL,NULL,NULL,NULL,'published','2025-08-28T21:23:35.198Z',NULL,NULL,0,0,'chapter-1-page-1',NULL,NULL,0,NULL,NULL,'2025-09-21T15:52:58.417Z','2025-08-28T21:23:35.203Z');
INSERT INTO pages VALUES('4c23a8a4-7839-418b-83c9-881981d7b881','c8410e79-a8e3-4fba-aefe-63fce4c2c35e','244e7522-cb01-480a-bef6-54dce3ea0722',0,1,'Chapter 1, cover','Chapter 1 - Page ?: Chapter 1, cover',NULL,NULL,'Aisha Osman lies on the desert ground, surrounded by assorted monocycle parts. She is fixing a carburetor with a screwdriver.',NULL,'published','2025-08-28T21:15:12.332Z',NULL,NULL,0,0,'chapter-1-cover',NULL,NULL,0,NULL,NULL,'2025-09-21T15:52:58.394Z','2025-08-28T21:15:12.336Z');
